{"cameraMode":{"drawMode":0,"name":"Shaded","section":"Shading Mode"},"sceneLighting":false,"audioPlay":false,"sceneViewState":{"showFog":true,"showMaterialUpdate":false,"showSkybox":false,"showFlares":true,"showImageEffects":true,"showParticleSystems":true,"showVisualEffectGraphs":true,"m_FxEnabled":true},"in2DMode":false,"pivot":{"x":-0.7650456428527832,"y":0.5126888751983643,"z":0.23850828409194947},"rotation":{"x":0.058764807879924777,"y":0.023639660328626634,"z":-0.0013524583773687482,"w":0.9980196356773377},"size":5.585641860961914,"orthographic":false}