{"cameraMode":{"drawMode":0,"name":"Shaded","section":"Shading Mode"},"sceneLighting":false,"audioPlay":false,"sceneViewState":{"showFog":true,"showMaterialUpdate":false,"showSkybox":false,"showFlares":true,"showImageEffects":true,"showParticleSystems":true,"showVisualEffectGraphs":true,"m_FxEnabled":true},"in2DMode":false,"pivot":{"x":0.0494762659072876,"y":-0.2054845094680786,"z":0.47750896215438845},"rotation":{"x":0.02114669419825077,"y":0.9711797833442688,"z":-0.2179991751909256,"w":0.09411957114934921},"size":2.0942318439483644,"orthographic":false}