{"cameraMode":{"drawMode":0,"name":"Shaded","section":"Shading Mode"},"sceneLighting":false,"audioPlay":false,"sceneViewState":{"showFog":true,"showMaterialUpdate":false,"showSkybox":false,"showFlares":true,"showImageEffects":true,"showParticleSystems":true,"showVisualEffectGraphs":true,"m_FxEnabled":true},"in2DMode":false,"pivot":{"x":-0.12105867266654968,"y":0.5260282158851624,"z":-0.011356472969055176},"rotation":{"x":0.1325976848602295,"y":-0.1820889264345169,"z":0.024812208488583566,"w":0.9739978909492493},"size":0.8942314982414246,"orthographic":false}