{"cameraMode":{"drawMode":0,"name":"Shaded","section":"Shading Mode"},"sceneLighting":false,"audioPlay":false,"sceneViewState":{"showFog":true,"showMaterialUpdate":false,"showSkybox":false,"showFlares":true,"showImageEffects":true,"showParticleSystems":true,"showVisualEffectGraphs":true,"m_FxEnabled":true},"in2DMode":false,"pivot":{"x":-0.38932743668556216,"y":0.4526107907295227,"z":0.1433211863040924},"rotation":{"x":-0.04216022789478302,"y":0.9572818875312805,"z":-0.1849200576543808,"w":-0.21848338842391969},"size":2.2856407165527345,"orthographic":false}