{"cameraMode":{"drawMode":0,"name":"Shaded","section":"Shading Mode"},"sceneLighting":true,"audioPlay":false,"sceneViewState":{"showFog":true,"showMaterialUpdate":false,"showSkybox":true,"showFlares":true,"showImageEffects":true,"showParticleSystems":true,"showVisualEffectGraphs":true,"m_FxEnabled":true},"in2DMode":false,"pivot":{"x":0.8368250131607056,"y":0.6979999542236328,"z":0.47573304176330569},"rotation":{"x":0.08454243838787079,"y":0.9143761992454529,"z":-0.25482413172721865,"w":0.30311542749404909},"size":4.698484420776367,"orthographic":false}