{"cameraMode":{"drawMode":0,"name":"Shaded","section":"Shading Mode"},"sceneLighting":true,"audioPlay":false,"sceneViewState":{"showFog":true,"showMaterialUpdate":false,"showSkybox":true,"showFlares":true,"showImageEffects":true,"showParticleSystems":true,"showVisualEffectGraphs":true,"m_FxEnabled":true},"in2DMode":false,"pivot":{"x":45.254337310791019,"y":122.95153045654297,"z":102.45585632324219},"rotation":{"x":-0.10828098654747009,"y":0.7955805659294128,"z":-0.14852219820022584,"w":-0.5777116417884827},"size":13.835973739624024,"orthographic":false}