{"cameraMode":{"drawMode":0,"name":"Shaded","section":"Shading Mode"},"sceneLighting":true,"audioPlay":false,"sceneViewState":{"showFog":true,"showMaterialUpdate":false,"showSkybox":true,"showFlares":true,"showImageEffects":true,"showParticleSystems":true,"showVisualEffectGraphs":true,"m_FxEnabled":true},"in2DMode":false,"pivot":{"x":4.53754997253418,"y":0.004665374755859375,"z":1.9891471862792969},"rotation":{"x":0.007300619501620531,"y":0.9679512977600098,"z":-0.24954350292682649,"w":0.028183532878756524},"size":38.57155990600586,"orthographic":false}