{"cameraMode":{"drawMode":0,"name":"Shaded","section":"Shading Mode"},"sceneLighting":true,"audioPlay":false,"sceneViewState":{"showFog":true,"showMaterialUpdate":false,"showSkybox":true,"showFlares":true,"showImageEffects":true,"showParticleSystems":true,"showVisualEffectGraphs":true,"m_FxEnabled":true},"in2DMode":false,"pivot":{"x":33.3070068359375,"y":5.588525772094727,"z":0.5866813659667969},"rotation":{"x":0.007300619501620531,"y":0.9679512977600098,"z":-0.24954350292682649,"w":0.028183532878756524},"size":35.62199783325195,"orthographic":false}