{"cameraMode":{"drawMode":0,"name":"Shaded","section":"Shading Mode"},"sceneLighting":true,"audioPlay":false,"sceneViewState":{"showFog":true,"showMaterialUpdate":false,"showSkybox":true,"showFlares":true,"showImageEffects":true,"showParticleSystems":true,"showVisualEffectGraphs":true,"m_FxEnabled":true},"in2DMode":false,"pivot":{"x":23.08038330078125,"y":17.633544921875,"z":-6.6832427978515629},"rotation":{"x":0.007300619501620531,"y":0.9679512977600098,"z":-0.24954350292682649,"w":0.028183532878756524},"size":111.48835754394531,"orthographic":false}