{"cameraMode":{"drawMode":0,"name":"Shaded","section":"Shading Mode"},"sceneLighting":false,"audioPlay":false,"sceneViewState":{"showFog":true,"showMaterialUpdate":false,"showSkybox":false,"showFlares":true,"showImageEffects":true,"showParticleSystems":true,"showVisualEffectGraphs":true,"m_FxEnabled":true},"in2DMode":false,"pivot":{"x":0.2933172583580017,"y":1.0084642171859742,"z":0.31817126274108889},"rotation":{"x":-0.0019209347665309907,"y":0.9746389985084534,"z":0.008474734611809254,"w":0.2237030565738678},"size":1.6196773052215577,"orthographic":false}